type_de_tournage;titre;societe_de_production;id_oeuvre
Série TV;04:04:02;sofilms;1
Série TV;10%;mon voisin;2
Long métrage;100 % coco;filming in france;3
Série TV;12 points;bande organisee studio;4
Long métrage;120 battements par minute;les films de pierre;5
Long métrage;2 fils;nord ouest films;6
Long métrage;2fils;nord ouest films;7
Série TV;3 fois noel;next episode;8
Long métrage;30 coins;lionceau films;9
Long métrage;30 jours max;axel films;10
Série TV;30 vies;fiction'air;11
Long métrage;355;lm 2018;12
Série Web;6d production;6d;13
Long métrage;8 rue de l'humanite;pathe prod exe;14
Série TV;9 meufs;mascaret films;15
Long métrage;a 2h de paris;vigo films;16
Long métrage;a casa tutti bene;la pupille;17
Long métrage;a d n;why not;18
Long métrage;a jamais fidele;hesiode;19
Téléfilm;a l'abordage;geko films;20
Téléfilm;a la folie;gm6;21
Série Web;a night in paris with pauline ranvier;phileas images;22
Long métrage;a nos ages;2425 films;23
Long métrage;a perfect enemy;the project film club;24
Téléfilm;a tes cotes;beaubourg stories;25
Long métrage;abbey road;peninsula film;26
Série Web;abonne-toi;studio bagel;27
Série TV;access;calt;28
Série TV;ad vitam;partner prod;29
Série Web;addict;shotgun;30
Série TV;additif dt_40626 astrid et raphaelle;jla-group;31
Long métrage;adieu monsieur haffmann;vendome films;32
Long métrage;ala vaikunthapurramlo;lm2018;33
Long métrage;alexandre;mandarin;34
Long métrage;alibi.com;fechner films;35
Série TV;alice in paris;rockzeline;36
Série Web;alice in paris;story tailors;37
Série Web;alice in paris;to do film;38
Série TV;alice nevers;ego;39
Série TV;alice nevers le juge est une femme;ego;40
Série TV;alice nevers, le juge est une femme;ego;41
Long métrage;all inclusive;estrella;42
Long métrage;allan kardec;nicocorp;43
Long métrage;amanda;nord-ouest films;44
Long métrage;amant double;mandarin films;45
Série Web;amazon tennis - paris masters 2019;img media limited;46
Long métrage;ami, ami;nord-ouest films;47
Long métrage;anak garuda;wl;48
Long métrage;andy;my family;49
Long métrage;anna m;europacorp;50
Long métrage;anna m.;europacorp;51
Long métrage;annee 2020;french lab;52
Long métrage;army of the dead meanwhile in germany;firstep;53
Série TV;arsene lupin;gaumont television;54
Série Web;arthur dans la foret;wondercorp;55
Long métrage;arthur rambo;les films de pierre;56
Série Web;articule,;tamara films;57
Téléfilm;astrid;jla-group;58
Série TV;astrid et raphaelle;jla-group;59
Long métrage;at eternity's gate;iconoclast films;60
Long métrage;au bout des doigts;recifilms;61
Long métrage;au nom de la terre;nord-ouest films;62
Long métrage;au poste;l'atelier de;63
Long métrage;au revoir la haut;adcb films;64
Téléfilm;au-dessus des nuages;jla-group;65
Long métrage;aurore tabort;kare;66
Long métrage;bad buzz;echo films;67
Long métrage;bad poems;les films du balibari;68
Série TV;balthazar;beaubourg stories;69
Série TV;balthazar 15 et 16;beaubourg stories;70
Téléfilm;balthazar 23 et 24;beaubourg stories;71
Série TV;balthazar 3,4 et 5;beaubourg stories;72
Série TV;balthazar 6;beaubourg stories;73
Série TV;balthazar 7,8;beaubourg stories;74
Série TV;balthazar 9,10;beaubourg stories;75
Long métrage;banlieusards;les films velvet;76
Long métrage;barbaque;cinefrance studios;77
Long métrage;barbara;waiting for cinema;78
Série Web;barber truck;wondercorp;79
Série TV;baron noir;kwai;80
Série TV;baron noir / deuxieme bloc;kwai;81
Long métrage;befikre;firstep;82
Téléfilm;belle belle belle;felicita films;83
Long métrage;belle fille;my family;84
Long métrage;belleville's cop;tessalit;85
Série Web;benefits, wellness, travel around the ayurveda in kerala;stink france;86
Série TV;ber;gem films;87
Long métrage;betes blondes;ecce films;88
Série Web;bicycle revolution;resistance films;89
Long métrage;bienvenue au gondwana;mandarin cinema;90
Long métrage;big bang;firelight;91
Téléfilm;biggie la faim de vivre;barjac;92
Long métrage;bitter flowers;mille et une films;93
Série Web;bk web - wooper dog;mommy;94
Série TV;blackpills/playground;together media 2;95
Série TV;blackpills/raising hitler;together media 2;96
Série TV;blackpills/virgin;together media 2;97
Série TV;bliss;maja films;98
Long métrage;blockbuster;virginie films;99
Série TV;boomerang;nw 2020;100
Long métrage;boutchou;paiva films;101
Long métrage;bras ouverts;pulsar;102
Long métrage;britt-marie was here;shape;103
Long métrage;budapest;labyrinthe films;104
Long métrage;burn out;2425 ing;105
Long métrage;c'e tempo;barbary films;106
Long métrage;c'est la vie;recifilms;107
Long métrage;c'est quoi ce papy;bonne pioche cinema;108
Long métrage;c'est quoi cette famille ?! 2;bonne pioche cinema;109
Long métrage;c'est tout pour moi;lgm cinema;110
Long métrage;ca c'est la famille;kazak;111
Série Web;ca ne va pas supermarche;clcf;112
Série Web;cache cache 2;unfold;113
Série TV;cadres noirs;mandarin television;114
Série Web;camera cachee : une petite star piege un prof de skate;puzzle media;115
Série TV;can't buy me love;unrated studio;116
Série TV;candice renoir;boxeur 7;117
Série TV;cantabile youth;komedia france;118
Long métrage;carbone;les films manuel munz;119
Long métrage;casanova;les films du lendemain;120
Long métrage;catharsis;coopetic;121
Long métrage;ccqape;pm s.a.;122
Long métrage;celle que vous croyez;diaphana films;123
Long métrage;chacun chez soi !;alter films;124
Long métrage;chanson douce;why not;125
Série TV;charon;evs;126
Série TV;chefs;calt;127
Long métrage;cherchez la femme;the film;128
Téléfilm;chevrotine;ugc fiction;129
Long métrage;christ;fechner films;130
Série TV;chroniques parisiennes;les films du kiosque;131
Série TV;chroniques parisiennes 10;les films du kiosque;132
Série TV;chroniques parisiennes 11;les films du kiosque;133
Série TV;chroniques parisiennes 12;les films du kiosque;134
Série TV;chroniques parisiennes 13;les films du kiosque;135
Série TV;chroniques parisiennes 14;les films du kiosque;136
Série TV;chroniques parisiennes 15;les films du kiosque;137
Série TV;chroniques parisiennes 16;les films du kiosque;138
Série TV;chroniques parisiennes 17;les films du kiosque;139
Série TV;chroniques parisiennes 18;les films du kiosque;140
Série TV;chroniques parisiennes 19;les films du kiosque;141
Série TV;chroniques parisiennes 2;les films du kiosque;142
Série TV;chroniques parisiennes 21;les films du kiosque;143
Série TV;chroniques parisiennes 22;les films du kiosque;144
Série TV;chroniques parisiennes 23;les films du kiosque;145
Série TV;chroniques parisiennes 3;les films du kiosque;146
Série TV;chroniques parisiennes 4;les films du kiosque;147
Série TV;chroniques parisiennes 5;les films du kiosque;148
Série TV;chroniques parisiennes 7;les films du kiosque;149
Long métrage;cigare au miel;eliph;150
Long métrage;cinquieme set;22h22;151
Téléfilm;claire andrieux;leonis;152
Série TV;clem;merlin;153
Série TV;clem 40 41;merlin;154
Long métrage;cleo, melvil et moi;vito films;155
Long métrage;coexister;europacorp;156
Long métrage;cold war;philippe lelievre;157
Long métrage;colette;move movie;158
Téléfilm;coma idyllique;scarlett;159
Long métrage;comedie humaine;curiosa films;160
Téléfilm;comme des reines;scarlett;161
Long métrage;comme des rois;moteur s'il vous plait;162
Téléfilm;comme un pere;wonder films;163
Long métrage;comment je suis devenu super heros;tresor films;164
Téléfilm;connectes;r-lines;165
Long métrage;corporate;kazak;166
Long métrage;couleurs de l'incendie;gaumont c;167
Téléfilm;coup de foudre a bangkok;save ferris studios;168
Téléfilm;coup de foudre a jaipur;big band story;169
Téléfilm;coup de foudre a l ile maurice;beaubourg stories;170
Série TV;cukur;funny balloons;171
Long métrage;curiosa;curiosa films;172
Long métrage;d'apres une histoire vraie;wy;173
Série TV;dagboek van een minnares;hanna films;174
Long métrage;dalida;bethsabee mucho;175
Long métrage;damien s'engage;agat films;176
Long métrage;daniel;unite de;177
Téléfilm;dans l'enfer des foyers;capa drama;178
Long métrage;dans la brume;adnp sas quad;179
Long métrage;dans la gueule du requin;epithete films;180
Série TV;dans les bois;puzzle eventainment;181
Série TV;dans les bois-l'oree;puzzle eventainment;182
Série Web;dark stories;kabotine;183
Série TV;de gaulle, l'eclat et le secret;effervescence fiction;184
Long métrage;de l'or pour les chiens;cg cinema;185
Long métrage;de pernas pro ar 3;swan;186
Série Web;dear diary;leimont;187
Téléfilm;debuts de mois difficiles;elephant story;188
Long métrage;demain et tous les autres jours;f comme film;189
Série Web;derby girl;kabo;190
Long métrage;des avantages de voyager en train;logical pictures;191
Long métrage;des jours sauvages;single man;192
Long métrage;des lunettes noires;curiosa films;193
Téléfilm;des reves au-dessus de leur tete;son et lumiere;194
Long métrage;des vacances a tout prix;charlotte russe films;195
Long métrage;deux fils;nord ouest films;196
Téléfilm;deux gouttes d'eau;vema;197
Long métrage;deux moi;ce qui me meut;198
Long métrage;devlet aile ve ben;acort;199
Téléfilm;diana and i;froggie;200
Téléfilm;diana, 20 ans apres;kaliste;201
Long métrage;diane a les epaules;petit film;202
Long métrage;divorce club;radar film;203
Série TV;dix pour cent;mon voisin;204
Long métrage;django melodies;curiosa films;205
Long métrage;docteur ?;unite de;206
Long métrage;documentaire cesar 2018;km;207
Série Web;double enjeux;sequences cles;208
Long métrage;down in paris;hickling and allen films;209
Série Web;doxa . dossier;la generale de;210
Série Web;doxa dossier 1994;la generale de;211
Série TV;dynasty;peninnsula television;212
Long métrage;e-book;cg cinema;213
Série Web;ecole de cuisine;comme une image;214
Série TV;eden;atlantique;215
Série TV;eglandine;studio bagel;216
Série Web;eglise de la madeleine -;carrefour des collectivites locales;217
Long métrage;eiffel;vvz;218
Long métrage;eiffel i'm in love 2;ifilmfrance;219
Long métrage;eli li tra niji;slow fast;220
Long métrage;embrasse moi;nolita cinema;221
Série TV;emily in paris;nw2020;222
Série TV;emma;mandarin cinema;223
Long métrage;en attendant bojangles;curiosa films;224
Long métrage;en attendant qui ? mai;serialbstudio;225
Long métrage;en corps;ce qui me meut;226
Série TV;en therapie;les films du poisson;227
Long métrage;enchantees;capture the flag films;228
Série TV;engrenages;son et lumiere;229
Long métrage;entre les vagues;unite;230
Long métrage;envole moi;chapter 2;231
Long métrage;espadrilles;paradis films;232
Long métrage;especes menacees;les films du lendemain;233
Long métrage;ete 84;mandarin;234
Long métrage;etre en mouvement;novoprod;235
Long métrage;eva;macassar;236
Long métrage;eye on juliet;la ruche;237
Série Web;f2 football freestyle documentary;renowned films;238
Long métrage;fahim;waiting for cinema;239
Série TV;faites des gosses;elephant story;240
Série TV;falco;beaubourg audiovisuel;241
Série TV;family business;les films du kiosque;242
Long métrage;famous;rectangle;243
Série Web;fan de;la meridienne;244
Long métrage;femme enfant;ecce films;245
Long métrage;femme-enfant;ecce films;246
Série TV;fertile crescent;haut et court tv;247
Long métrage;feu !!;curiosa films;248
Téléfilm;fiertes;scarlett;249
Téléfilm;filles d'aujourd'hui;studio bagel;250
Série Web;film editorial vogue x chanel;cadence paris;251
Long métrage;fin de matinee;comme des cinemas;252
Série TV;find me in paris;cottonwood media;253
Série TV;find me in paris - paris opera;cottonwood media;254
Série TV;find me in paris 2;cottonwood media;255
Série TV;find me in paris 3;cottonwood media;256
Série TV;fleabag;banijay studios france;257
Long métrage;fleuve noir;curiosa films;258
Long métrage;flora63;ici et la;259
Long métrage;forte;quad films;260
Série TV;fractal;midnight cut;261
Série Web;francoeur - chasseur de reve;thomas bouvard;262
Long métrage;freed;peninsula film;263
Long métrage;french exit;same player;264
Téléfilm;friendzone;telfrance et cie;265
Long métrage;from moscow to royan 3.0;mithra films;266
Téléfilm;fugueuse;vema;267
Série Web;game of foire du trone;minutebuzz;268
Long métrage;gangsterdam;les du tresor;269
Long métrage;garcon chiffon;cg cinema;270
Long métrage;garde alternee;pan europeenne;271
Long métrage;gauguin;move movie;272
Long métrage;gc5;les du tresor;273
Long métrage;gemini;firstep;274
Série TV;genius;froggie;275
Série Web;gm6;gm6;276
Série TV;god friended me;froggie;277
Long métrage;goliath;single man;278
Long métrage;gott du kannst ein arsch sein;cactus films;279
Série TV;grand'maison tokyo;lutetia films;280
Série TV;guepardes;banguni;281
Long métrage;guy;iliade et films;282
Série Web;h24;les batelieres;283
Long métrage;h4-93;l'atelier de;284
Série TV;hanna 2;nw2020;285
Long métrage;harwood;peninsula film;286
Long métrage;haute societe;keystone films;287
Long métrage;heinrich vogeler;kinescope film gmbh;288
Série TV;heroine;elzevir films;289
Téléfilm;hippocrate la serie;31 juin films;290
Long métrage;hommes au bord de la crise de nerfs;curiosa films;291
Téléfilm;honneur d'une femme;abeille films;292
Long métrage;hors normes;adnp quad films;293
Série TV;huge in france;froggie;294
Téléfilm;huguette;mon voisin;295
Long métrage;i love you coiffure;carson;296
Série Web;i-art;woow your life;297
Long métrage;ibrahim;why not;298
Série TV;il a deja tes yeux;ango , departement de feniprod;299
Long métrage;il a deja tes yeux;nolita cinema;300
Série TV;il etait une seconde fois;unite de;301
Téléfilm;il ou elle;and so on;302
Série Web;il revient quand bertrand;le toro par les cornes;303
Série TV;in america;making prod;304
Série TV;inside/out;small bang;305
Série Web;interview educateur canin;ntc consulting;306
Téléfilm;intime conviction;ramona;307
Long métrage;iris/ex chaos;wy;308
Long métrage;irreductible;macadam films;309
Série TV;irresponsable;tetra media fiction;310
Long métrage;it must be heaven;rectangle;311
Série Web;it's a match;arena films;312
Long métrage;j'accuse;legendaire;313
Série TV;j'ai menti;les films du 24;314
Long métrage;j'irai mourir dans les carpates;rouge international;315
Long métrage;j'irai ou tu iras;nord ouest films;316
Long métrage;jalouse;mandarin;317
Téléfilm;je ne suis pas un homme facile;film invaders;318
Long métrage;je suis karl;alcatraz films;319
Série TV;je te promets;authentic prod;320
Long métrage;je te veux, moi non plus;monkey pack films;321
Long métrage;je vais mieux;europacorp;322
Long métrage;je voudrais que quelqu'un m'attende quelque part;easy tiger;323
Téléfilm;je voulais juste rentrer chez moi;chabraque;324
Long métrage;jean-francois;surprise alley;325
Long métrage;jeanne;3b;326
Série Web;jeune et golri;the film tv;327
Long métrage;jeune femme;blue monday;328
Série TV;jeux d'influence;what's up films;329
Long métrage;jewell stone;pio and co;330
Long métrage;joana;les films du poisson;331
Série TV;josephine ange gardien;demd;332
Série TV;josephine ange gardien 112;demd;333
Série TV;josephine ange gardien tous pour un;demd;334
Long métrage;joueurs;the film;335
Long métrage;jour j;mandarin films;336
Long métrage;jusqu'a la garde;kg;337
Long métrage;just divorced;les improductibles;338
Série TV;juste un regard;vab;339
Long métrage;kantor;blink films;340
Série TV;killing eve;gem films;341
Série TV;kim-kong;kwai;342
Long métrage;kizie aur manny;jet films paris;343
Long métrage;knock;curiosa films;344
Long métrage;ko;247 films;345
Long métrage;kompromat;super 8;346
Long métrage;koto;haut les mains;347
Long métrage;l angle mort;ex nihilo;348
Long métrage;l ile flottante;cinefrance studios;349
Série TV;l'agent immobilier;les films du poisson;350
Long métrage;l'amant d'un jour;sbs films;351
Long métrage;l'amour c'est mieux que la vie;les films 13;352
Long métrage;l'amour est une fete;sunrise films;353
Série TV;l'amour flou, la serie;escazal films;354
Long métrage;l'amour qu'il nous faut;les films d'ici;355
Long métrage;l'angle mort;ex nihilo;356
Série TV;l'art de tomber a pic;esra;357
Série TV;l'art du crime;gaumont television;358
Long métrage;l'ascension;de l'autre cote du du periph;359
Série TV;l'attache;skm;360
Long métrage;l'echange;moderato;361
Long métrage;l'echappee;chifoumi;362
Long métrage;l'echappee 2;chifoumi;363
Long métrage;l'embarras du choix;sombrero;364
Long métrage;l'enfant et l'oiseau;radar films;365
Long métrage;l'enfant roi;iconoclast films;366
Long métrage;l'enkas;la rumeur filme;367
Long métrage;l'envers du decors;curiosa;368
Long métrage;l'etreinte;moby dick films;369
Long métrage;l'extraordinaire voyage du fakir;brio films;370
Long métrage;l'horizon;elzevir films;371
Téléfilm;l'incroyable show;kmbo;372
Long métrage;l'inspiratrice;les films velvet;373
Série TV;l'opera;telfrance cie;374
Série Web;l'organisation;nine two;375
Long métrage;l'origine du monde;tresor films;376
Long métrage;l'un dans l'autre;vendome;377
Long métrage;la beaute du geste;les films du 24;378
Long métrage;la belle epoque;les films du kiosque;379
Long métrage;la belle et la belle;christmas in july;380
Téléfilm;la bete curieuse;ex nihilo;381
Long métrage;la boite noire;wy;382
Long métrage;la boule du dragon;srab films;383
Long métrage;la ch'tite famille;pathe prodexe;384
Téléfilm;la consolation;image et compagnie;385
Long métrage;la croisade;why not;386
Long métrage;la daronne;les films du lendemain;387
Long métrage;la douleur;les films du poisson;388
Série TV;la faute a rousseau;demd;389
Long métrage;la femme la plus assassinee du monde;polaris film;390
Long métrage;la fete des meres;willow films;391
Long métrage;la fete est finie;elzevir films;392
Long métrage;la fille de brest;haut et court;393
Long métrage;la finale;2425 films;394
Long métrage;la fine fleur;estrella;395
Série TV;la flamme;makingprod;396
Long métrage;la fracture;chaz;397
Série TV;la fugue;ramona;398
Série TV;la garconne;mother;399
Téléfilm;la grande classe;24 25 films;400
Long métrage;la grande deraille - additif;easy movies;401
Série TV;la licorne;delante films;402
Long métrage;la lutte des classes;kare;403
Série TV;la mante;septembre;404
Long métrage;la melodie;mizar films;405
Long métrage;la menace;les films des tournelles;406
Long métrage;la monnaie de leur piece;move movie;407
Long métrage;la niaque;ts;408
Long métrage;la nuit a devore le monde;haut et court;409
Long métrage;la nuit venue;koro film;410
Long métrage;la nuit, je mens...;zadig films;411
Long métrage;la petite bande;les films pelleas;412
Long métrage;la petite solange;aurora films;413
Long métrage;la piece rapportee;l'atelier de;414
Long métrage;la premiere seance;les films pelleas;415
Série Web;la republique;cineteve;416
Long métrage;la revanche des crevettes pailletees;les improductibles;417
Long métrage;la sage femme;curiosa films;418
Long métrage;la sainte famille;everybody on deck;419
Série Web;la tour de nesle;tamara films;420
Long métrage;la troisieme guerre;capricci;421
Long métrage;la verite;3b;422
Long métrage;la verite si je mens - les debuts;la verite;423
Long métrage;la verite si je mens les debuts;la verite;424
Série Web;la vie absurde;mr jadis maison de;425
Long métrage;la vie de chateau;srab films;426
Série TV;la vie devant elles;cineteve;427
Long métrage;la vie devant soi;albertine;428
Téléfilm;la vie sauve;caminando;429
Long métrage;ladies;nolita cinema;430
Série TV;le bazar de la charite;quad fantastico televisons le bazar de la charite;431
Long métrage;le brio;chapter 2;432
Série TV;le bureau des legendes;the oligarchs;433
Série TV;le code;making prod;434
Long métrage;le dechanche d'elvis;adnp quad films;435
Long métrage;le dernier mercenaire;forecast pictures;436
Long métrage;le dindon;cinefrance studios;437
Long métrage;le discours;les films sur mesure;438
Série Web;le dossier bobinsky;starboard;439
Long métrage;le doudou;eskwad;440
Long métrage;le fataliste;why not;441
Long métrage;le francais;marmot-film;442
Long métrage;le gendre ideal;kabo films;443
Long métrage;le grand saut;quad;444
Long métrage;le jeu;medset film;445
Série TV;le legiste;beaubourg stories;446
Long métrage;le lion;monkey pack films;447
Téléfilm;le mec de la tombe d'a cote;3eme oeil story;448
Long métrage;le meilleur reste a venir;chapter 2;449
Série TV;le mensonge;thalie images;450
Série Web;le monde de bobby;coco and co prod;451
Long métrage;le mystere henri pick;mandarin;452
Long métrage;le petit spirou;les films du cap;453
Long métrage;le poulain;pyramide;454
Long métrage;le prince oublie;prelude;455
Long métrage;le proverbe;curiosa;456
Long métrage;le redoutable;les compagnons du cinema;457
Téléfilm;le reve francais;eloa prod;458
Long métrage;le rire de ma mere;loma nasha;459
Long métrage;le sel des larmes;rectangle;460
Long métrage;le suicide d'emma peeters;take five sprl;461
Série Web;le talisman;sasu ldvk;462
Téléfilm;le temps des egares;delante;463
Long métrage;le tresor du petit nicolas;curiosa film;464
Série TV;lebowitz contre lebowitz;chabraque;465
Série TV;lebowitz contre lebowitz 2;chabraque;466
Long métrage;leila;nolita cinema;467
Série TV;leo mattei;lgm cinema;468
Série TV;les 7 nains et moi;method films;469
Long métrage;les affames;les films du clan;470
Long métrage;les amis des amis;sbs;471
Long métrage;les amours d anais;les films pelleas;472
Long métrage;les annees 10 - l'infiltre;les films velvet;473
Série Web;les aventures de richard;fablabchannel;474
Long métrage;les beaux esprits;mes;475
Série TV;les beaux malaises;thalie images;476
Long métrage;les bonnes intentions;epithete films;477
Long métrage;les carnivores;chi fou mi;478
Long métrage;les champs de fleurs;chi fou mi;479
Long métrage;les charpentiers de babel;kafard films;480
Long métrage;les chatouilles 2;les films du kiosque;481
Long métrage;les chatouilles 4;les films du kiosque;482
Long métrage;les choses humaines;curiosa films;483
Long métrage;les choses qu'on dit, les choses qu'on fait;moby dick films;484
Long métrage;les dents pipi au lit;cg cinema;485
Long métrage;les dents, pipi, au lit.;cg cinema;486
Long métrage;les deux alfred;why not;487
Long métrage;les estivants;ad vitam;488
Long métrage;les ex;radar films;489
Long métrage;les fantasmes;mandarin;490
Long métrage;les fantomes d'ismael;why not;491
Long métrage;les femmes du square;les films du kiosque;492
Long métrage;les filles de reims;les films velvet;493
Long métrage;les footeuses;adnp;494
Téléfilm;les heritieres;incognita television;495
Téléfilm;les heritiers;septembre;496
Long métrage;les heroiques;ts;497
Série TV;les hommes de l'ombre;macondo;498
Long métrage;les hommes de namsan;keystone films;499
Long métrage;les jeunes amants;ex nihilo;500
Long métrage;les joueurs;the film;501
Long métrage;les meilleures;31 juin films;502
Série TV;les meufs;elodie faure boulue;503
Téléfilm;les michetonneuses;jem;504
Long métrage;les mignonnes;bien ou bien;505
Série TV;les mysteres de l'amour;jla-group;506
Long métrage;les olympiades;page 114;507
Série TV;les optimistes;service paris;508
Long métrage;les plus belles annees;les films 13;509
Long métrage;les promesses;24 25 films;510
Série TV;les rivieres pourpres;storia television;511
Série TV;les sauvages;cpb films;512
Série TV;les sports insolites;bliss;513
Téléfilm;les temps des egares;delante;514
Long métrage;les tetes de l'emploi;recifilms;515
Long métrage;les traducteurs;tresor films;516
Long métrage;les tuche 3;eskwad;517
Long métrage;les vetos;les films du 24;518
Long métrage;les vieux fourneaux;radar films;519
Série Web;let's have phone;all so;520
Série TV;liang sheng;kanzaman france;521
Long métrage;libres;vertigo;522
Série TV;like me;r-lines;523
Long métrage;lisa redler;les films pelleas;524
Long métrage;lola et ses freres;nolita cinema;525
Long métrage;lola pater;blue monday;526
Série Web;lolywood - dans tes reves le sport;camarilla;527
Série Web;lolywood - la bible de l'homme;camarilla;528
Long métrage;loue moi;my family;529
Série TV;loulou;la onda;530
Long métrage;love addict;my family;531
Téléfilm;love locks;les films du marigot;532
Série TV;lrdm - patriot season 2;nw2018;533
Long métrage;lucia;bagan films;534
Long métrage;lucky;2.4.7.films;535
Long métrage;lucky;la voie lactee;536
Long métrage;lucky;story ab;537
Long métrage;lumiere amoureuse;koi films;538
Série TV;luther;storia television luther;539
Long métrage;luz;ama;540
Long métrage;ma mere est folle;alexandre films;541
Série TV;ma pire angoisse;les improductibles;542
Long métrage;madame;lgm films;543
Long métrage;madame claude;les compagnons du cinema;544
Long métrage;made in china;montauk films;545
Série TV;maggie e bianca fashion friends;rainbow s.r.l.;546
Série TV;magic kids;electron libre;547
Long métrage;mais vous etes fous;rectangle;548
Série Web;make up on the way;dorothee perez;549
Long métrage;malawa;eskwad;550
Long métrage;mali twist;agat films;551
Long métrage;maman a tort;avenue b;552
Série Web;manuel d'escroqueries franco-chinoise;escargot;553
Long métrage;maoussi;c.s.;554
Long métrage;mariage blanc;axel films;555
Série Web;marianne;empreinte digitale marianne;556
Long métrage;marie francine;rectangle;557
Série TV;martin sexe faible;my fantasy;558
Long métrage;marvin;cine @;559
Long métrage;maryline;lgm films;560
Série TV;mathieu et thomas au bord de la crise de nerf;gm6;561
Série TV;mathieu et thomas contre le monde entier;golden network;562
Long métrage;mauvaises herbes;paiva films;563
Long métrage;maya;les films pelleas;564
Long métrage;mdr / maison de retraite;my family;565
Long métrage;meme pas froid;rectangle;566
Série Web;merci de ne pas toucher;kazak;567
Série TV;mere et fille;j2f;568
Long métrage;merveilles a montfermeil;film;569
Long métrage;mes provinciales;moby dick films;570
Long métrage;mes tres chers enfants;les films du 24;571
Long métrage;mes tresors;radar films;572
Série Web;miami vine;citizen;573
Long métrage;mignonnes;bien ou bien;574
Série TV;mike;kabotine;575
Long métrage;miss;zazi films;576
Série TV;missions 2;empreinte digitale;577
Série TV;modern family;froggie;578
Série TV;modern family 11;froggie;579
Long métrage;mon bebe;love is in the air;580
Long métrage;mon chien stupide;same player;581
Long métrage;mon cousin;eskwad;582
Long métrage;mon inconnue;zazi films;583
Long métrage;mon poussin;les films du 24;584
Long métrage;monsieur et madame adelman;les films du kiosque;585
Série Web;motw 2;zagett;586
Long métrage;mrs mills;les films du cap;587
Série TV;munch;jla-group;588
Long métrage;musique de chambre;les films pelleas;589
Téléfilm;mystere a l'elysee;thalie images;590
Téléfilm;mystere a la sorbonne;thalie images;591
Téléfilm;mystere au louvre;thalie images;592
Téléfilm;mystere place vendome,;thalie images;593
Téléfilm;nadia;murmures;594
Long métrage;namaste england;ifilmfrance;595
Série TV;narvalo;mascaret films;596
Long métrage;neuilly sa mere, sa mere;vito films;597
Série TV;new horizon;comme une image;598
Série TV;nexity - a chacun sa ville -;dream on;599
Long métrage;ni une ni deux;incognita films;600
Long métrage;nicky larson;axel films;601
Série TV;noir enigma;astharte et compagnie;602
Série TV;nona et ses filles;gaumont tv;603
Série Web;normal;yah;604
Long métrage;nos annees folles;arprod;605
Long métrage;notre dame;rectangle;606
Série TV;nox;gaumont television;607
Long métrage;nuit blanche et gros calins;selenium films;608
Long métrage;numero une;tabo tabo films;609
Série TV;nurses;federation entertainment;610
Téléfilm;oblomov;agat films et cie;611
Long métrage;on est fait pour s'entendre;jerico films;612
Long métrage;on sourit pour la photo;radar films;613
Long métrage;on the french riviera;belle epoque films;614
Série TV;one woman;la femis;615
Long métrage;oneline billie;kafard film;616
Série TV;oogappels;hanna films;617
Série Web;or noir;blackvision;618
Long métrage;oranges sanguines;mamma roman;619
Série TV;osmosis;capa series;620
Long métrage;oss 117 : alerte rouge en afrique noire;mandarin;621
Long métrage;otez moi d'un doute;kare;622
Long métrage;oui mademoiselle;bayoo;623
Série TV;oups;demd;624
Long métrage;overdrive;overdrive;625
Série TV;palmashow 4;blagbuster;626
Long métrage;par un demi clair matin;3b;627
Long métrage;par-dessus l'epaule de jonas;diaphana films;628
Long métrage;paranoia park 2021;les mures sauvages;629
Long métrage;parent d'eleve;rectangle;630
Téléfilm;paris brest;image et compagnie;631
Série TV;paris opera;cottonwood media;632
Série Web;paris passions;liquid works sl;633
Série TV;paris police 1900;tetra media fiction;634
Série TV;paris va bien;les films de demain;635
Long métrage;paris, la blanche;day for night;636
Long métrage;passion simple;les films pelleas;637
Long métrage;patrick;1015;638
Série TV;patriot;nw2018;639
Long métrage;paula;alcatraz films;640
Long métrage;petite fleur;maneki films;641
Long métrage;petite lecon d'amour;blue monday;642
Série TV;philharmonia;merlin;643
Série Web;philips global heart watch;reactive;644
Téléfilm;pieges;capa drama;645
Long métrage;place des victoires;white panama films;646
Long métrage;plaire...;les films pelleas plaire...;647
Série TV;plan b;gaumont television;648
Série TV;plan coeur;mybox films;649
Série TV;platane;4 mecs en baskets;650
Long métrage;play;chapter 2;651
Long métrage;playlist;l'atelier de;652
Long métrage;plonger;move movie;653
Long métrage;police;f comme film;654
Série TV;potomac mulot floquet mare et champ de mars;froggie;655
Série TV;potomac st merri et invalides 2606;froggie;656
Série TV;potomac suite 25;froggie;657
Série TV;pour sarah;effervescence fiction;658
Téléfilm;pourquoi je vis;telfrance et cie;659
Long métrage;premiere annee;les films du parc;660
Long métrage;premieres vacances;the film;661
Long métrage;presidents;cine-@;662
Téléfilm;presunto culpable; service;663
Série Web;preview;rose mecanique;664
Série Web;prime lolywood - une nuit infernale;camarilla;665
Long métrage;production 46;iefs paris;666
Série TV;profilage;beaubourg audiovisuel;667
Série TV;profilage 79 et 80;beaubourg audiovisuel;668
Série TV;profilage 81 et 82;beaubourg audiovisuel;669
Série TV;profilage 88;beaubourg audiovisuel;670
Série TV;profilage 90;beaubourg audiovisuel;671
Série TV;profilage ep.93;beaubourg audiovisuel;672
Série Web;projet leviathan;cosmic train pictures;673
Long métrage;qu'est-ce qu'on a encore fait au bon dieu;les films du 24;674
Série TV;qu'est-ce qu'on attend pour etre heureux;gazelle et cie;675
Série TV;quadras;b2films;676
Long métrage;quand on crie au loup;wonder films;677
Téléfilm;quand sort la recluse;passionfilms;678
Long métrage;quand tu danses;empreinte cinema;679
Long métrage;que le diable nous emporte;la sorciere rouge;680
Long métrage;raid dingue;pathe television;681
Série Web;ramadan a paris;culture univers;682
Série TV;rancho rosa;angele fine;683
Série TV;rebecca;elephant story;684
Série TV;red oaks;firstep;685
Long métrage;remember me;f comme film;686
Long métrage;remise de peine;les films pelleas remise de peine;687
Série TV;remix 1;elephant story;688
Série Web;reportage pour l'aed;aed;689
Série Web;retro;artous;690
Téléfilm;retroscopie;r et g;691
Long métrage;rg02;iconoclast films;692
Série TV;riviera;peninsula film riviera;693
Série TV;riviere rouge;telekinisi;694
Long métrage;robuste;dharamsala;695
Long métrage;rock on 2;jet films;696
Long métrage;rodin;les films du lendemain;697
Série TV;romance;cineteve;698
Long métrage;rosa;silex;699
Long métrage;rose;firstep;700
Long métrage;ru ying sui xin;hippocampe;701
Long métrage;rumba la vie;gaumont;702
Série TV;sacha;norte;703
Série TV;sam;authentic prod;704
Série TV;sans mensonges;art 2 voir;705
Long métrage;sauver ou perir;single man;706
Série TV;scenes de menage 9 prime;kabo family;707
Série TV;section de recherche 162-163 cross over;auteurs associes;708
Long métrage;seize printemps;avenue b;709
Long métrage;selene 66 questions;luxbox;710
Série TV;sense8;peninsula television;711
Série Web;serge le mytho;mybox;712
Série TV;serie baron noir;kwai;713
Long métrage;seuls;echo films;714
Série Web;shadow boxing;gm6;715
Série TV;shadowhunters;froggie;716
Série TV;shopping king louis;mbc incorporate;717
Long métrage;si j'etais un homme;curiosa films;718
Téléfilm;si paris n'etait pas joyeux;comme une image;719
Série TV;si tu vas bien;vilmus media;720
Série Web;sid lee - salomon;les inities;721
Long métrage;simon et theodore;mona films;722
Série Web;simone;my fantasy;723
Long métrage;simone - le voyage du siecle;marvelous;724
Long métrage;simone benloulou;incognita;725
Série Web;skam;geteve;726
Série Web;skam 7-8;geteve;727
Long métrage;smiley;mandoline films;728
Long métrage;sol;iliade et films;729
Long métrage;soof 3;soof bv p;730
Téléfilm;soumission - le film;eaux vives;731
Long métrage;sous le meme toit;europacorp;732
Long métrage;sparring;unite de;733
Série TV;speakerine;macondo;734
Téléfilm;splendor in a glass;free dolphin;735
Long métrage;star 80 - la suite;la petite reine;736
Long métrage;stars 80 la suite;la petite reine;737
Série TV;stay with me;paris 818 media;738
Long métrage;stella est amoureuse;atelier de;739
Série Web;strom 4, le labyrinthe des ames;strom en film;740
Série Web;strom, la 37e prophetie;strom en film;741
Long métrage;sun;rouge international;742
Long métrage;super heros malgre lui;cine france studios;743
Long métrage;supremes;nord ouest films;744
Série TV;surrogate partner therapy;together media 2;745
Long métrage;synonymes;sbs films;746
Long métrage;t'as pecho?;scarlett;747
Long métrage;tamara 2 demande;elephant story;748
Long métrage;tamara demande;elephant story;749
Long métrage;tanguy 2;nac films;750
Long métrage;taxi 5;t 5;751
Long métrage;tazzeka;takka films;752
Long métrage;telle mere telle fille;pan europenne;753
Téléfilm;temps de chien;the film tv;754
Série Web;temps-mort;iscpa paris;755
Long métrage;tendre et saignant;les films du cap;756
Long métrage;territoires;one world films;757
Série TV;thanksgiving;capa drama;758
Série TV;thanskgiving;capa drama;759
Long métrage;the 15:17 to paris;peninsula film;760
Série TV;the affair;gem films;761
Série Web;the brain company;endemolshine;762
Série TV;the collection;federation entertainment;763
Série TV;the eddy;atlantique;764
Long métrage;the escape;hanna films;765
Série TV;the fall version france;leonis;766
Série TV;the good place;froggie;767
Long métrage;the hunting;sweet dreams films;768
Série TV;the marvelous mrs maisel;nw 2018;769
Série TV;the package;bh paris media;770
Série TV;the pursuit of love;froggie;771
Série Web;the quest;small bang;772
Série TV;the romanoffs;gem films;773
Série TV;the thunder;europe film and tv co;774
Série TV;the way;empreinte digitale;775
Long métrage;the white crow;montebello;776
Long métrage;thirst street;in vivo films;777
Série TV;toi, toi, mon toit;thalie images;778
Série TV;ton ancien toi;paris 818 media;779
Long métrage;toucouleur;pan europeenne;780
Série Web;tournage 750gr - marche d'aligre;webedia;781
Série Web;tournage serie web;seo communication;782
Long métrage;tous les dieux du ciel;to be continued;783
Long métrage;tout ce qu'il me reste de la revolution;apsara films;784
Long métrage;tout le monde debout;gaumont;785
Long métrage;tout nous sourit;single man;786
Long métrage;tout s'est bien passe;mandarin;787
Long métrage;tout simplement noir;gaumont;788
Long métrage;toute ressemblance;les films du 24;789
Long métrage;tralala;sbs;790
Série TV;treadstone;nw2020;791
Long métrage;trois fois rien;srab films;792
Long métrage;trop d'amour;ex nihilo;793
Série Web;true story;idz;794
Série Web;tu prefereres;superstructure;795
Téléfilm;tu vivras ma fille;gmt;796
Long métrage;tudo bom tudo bem;mact;797
Long métrage;uman;orson films;798
Téléfilm;un adultere;scarlett;799
Long métrage;un amour impossible;chaz;800
Série TV;un avion sans elle;rififilms;801
Long métrage;un cadeau du ciel;legendaire;802
Série TV;un cafe avec...;6 com;803
Long métrage;un conte indien;22h22;804
Long métrage;un couteau dans le coeur;cg cinema;805
Long métrage;un dejeuner d'amis;cinefrance studios;806
Long métrage;un dragon en forme de nuage;mon voisin;807
Téléfilm;un fils parfait;adrenaline;808
Long métrage;un hiver en ete;les films du kiosque;809
Série TV;un homme parfait;capa drama;810
Long métrage;un homme presse;albertine;811
Long métrage;un medecin de nuit;partizan films;812
Long métrage;un monde reel;macassar;813
Série TV;un noel recompose;demd;814
Long métrage;un peuple et son roi;archipel35;815
Série TV;un plan parfait;comme une image;816
Long métrage;un tour chez ma fille;sameplayer;817
Long métrage;un triomphe;agat films;818
Série TV;un village francais;tetra media fiction;819
Long métrage;un voyage en hiver;maneki films;820
Long métrage;uncorked;fulldawa;821
Long métrage;under the eiffel tower;kanzaman france;822
Long métrage;une;pili films;823
Série TV;une famille formidable;panama;824
Téléfilm;une femme d'exception;cineteve;825
Long métrage;une fleur a la bouche;les films du worso;826
Long métrage;une histoire d'amour et de desir;blue monday;827
Long métrage;une histoire de l'art;les grands espaces films;828
Long métrage;une jeune fille qui va bien;curiosa films;829
Long métrage;une jeunesse doree;macassar;830
Série TV;une mere parfaite;quad drama;831
Série Web;une petite histoire de parc...;proframe;832
Long métrage;une sirene a paris;overdrive;833
Long métrage;une vie violente;les films velvet;834
Série TV;us;nw2020;835
Série Web;valerian orange;lincom webedia;836
Série TV;valide;mandarin television;837
Série TV;vampires;tetra media fiction;838
Long métrage;van gogh in love;mica films;839
Série TV;veep;froggie;840
Série TV;veneration;cmp movies;841
Série TV;vernon subutex;tetra media fiction;842
Long métrage;versus;playground films;843
Série Web;viajando a trabalho;nonstop producoes;844
Série Web;video social media ratp;we are social;845
Long métrage;vidocq;mandarin;846
Long métrage;villa caprice;jpg films;847
Série TV;vingt-cinq;eliph;848
Série Web;virtue;fulltimestudio;849
Long métrage;vive la crise;les films montaigne;850
Long métrage;voir le jour;les films de la nuit;851
Long métrage;voltaire;peninsula film;852
Série TV;vous les femmes;calt;853
Long métrage;vous n'aurez pas ma haine;haut et court;854
Long métrage;voyez comme on danse;les films du 24;855
Long métrage;war machine;firstep;856
Série Web;what the fuck france;studio bagel;857
Série TV;whiskey cavalier;peninsula television;858
Série TV;world on fire;unrated studio;859
Série TV;wtf france;studio bagel;860
Long métrage;yao;pan europeenne;861
Série TV;your honor;federation entertainment;862
Long métrage;yves;ecce films;863
Long métrage;zone franche;adnp quad films;864
