nom;id_realisateur_ice
 matt quezada 2nde equipe paris xavier roy;1
adeline picault;2
aditya chopra;3
adrien piquet gauthier et simon istolainen;4
agnes obdia;5
aguendia fotabong;6
akim isker;7
alain chabat;8
alan swyer;9
albert dupontel;10
alejandro bazzano;11
alex de la iglesia;12
alex graves;13
alex lutz;14
alex zamm;15
alexandra leclere;16
alexandre castagnetti;17
alexandre claudin;18
alexandre da silva;19
alexandre laurent;20
alexandre pierrin et olivier marquezy;21
alexei popogrebsky;22
alfred lot;23
amanda sthers;24
amro hamzawi;25
amy sherman palladino et dan palladino;26
anais volpe;27
andre erkau;28
andre techine;29
andrea bescond eric metayer;30
andrea bescond et eric metayer;31
andreas bescond et eric metayer;32
andrei smirnov;33
andy mogel et jarrad paul;34
ange raynaud;35
anna cazanave cambet;36
anne de clercq;37
anne depetrini;38
anne fontaine;39
anne gaelle daval;40
anne giafferi;41
anne le ny;42
anthony marciano;43
antoine chevrollier;44
antoine chevrollier ziad doueiri;45
antoine de bary;46
antoine de maximy;47
antoine garceau;48
antoine garceau et marc fitoussi;49
antoine garceau marc fitoussi;50
antoinette boulat;51
antonin delaroche vernet;52
antonin peretjatko;53
antonio negret;54
antony hickling;55
archie borders;56
aritz moreno;57
arnaud despleschin;58
arnaud et jean marie larrieu;59
arnaud malherbe;60
arnaud selignac;61
arnaud selignac ;62
arnaud viard;63
arnauld mercadier;64
association cdcl;65
audrey dana;66
audrey diwan;67
audrey estrougo;68
aurelie saada;69
avril besson;70
axelle ropert;71
ayuko tsukahara ;72
azazel jacobs;73
baya kasmi;74
benedicte delmas;75
benjamin euvrard;76
benoit forgeard;77
benoit jacquot;78
bernard stora;79
blandine lenoir;80
bouvard viret;81
bruno chiche;82
bruno dumont;83
bruno mercier;84
bruno podalydes;85
bryan marciano;86
byun hyuk;87
camille delamarre;88
camille delamarre et franck brett;89
carine tardieu;90
catherine corsini;91
cathy verney;92
cecilia de arce;93
cecilia rouaud;94
cedric anger;95
cedric ido;96
cedric klapisch;97
cedric le gallo et maxime govare;98
cedric lepretre;99
chad chenouga;100
chang keun chun;101
charles van tieghem;102
charline bourgeois tacquet;103
charlotte bourrelly belhomme;104
charlotte brandstrom;105
charlotte schi√∏ler;106
cheyenne carron;107
chris briant;108
chris clough;109
christian faure;110
christian schwochow;111
christophe barratier;112
christophe barraud;113
christophe campos;114
christophe delpias;115
christophe duthuron;116
christophe honore;117
christopher mac quarrie;118
christopher thompson;119
chun chieh;120
claire denis;121
claude lelouch;122
claus drexel;123
claus drexler;124
clement michel;125
clement pillet et julien arnardi;126
clint eastwood;127
clovis cornillac;128
coline pagoda;129
colombe savignac;130
cong li;131
constance meyer;132
cyprien vial;133
cyril mennegun;134
damien chazelle;135
damien chazelle houda benyamina laila marrakchi alan poul;136
damien maric;137
damon thomas;138
dan mazer;139
dan occo;140
dan sackheim;141
dan zeff;142
daniel auteuil;143
daniel cohen;144
daniel roby;145
daniel syrkin;146
danielle arbid;147
dany boon;148
darren star;149
david charhon;150
david chausse;151
david et douglas;152
david et stephane foenkinos;153
david hourregue;154
david hugonot petit;155
david lanzmann;156
david lynch;157
david michod;158
david moreau;159
david morley;160
david oelhoffen;161
david weill;162
dearbhla walsh;163
denis imbert;164
denis thybaud;165
diane kurys;166
didier bivel;167
didier le pecheurs;168
dime davis;169
dominic savage;170
dominik moll;171
dominique baumart et mouloud achour;172
dominique farrugia;173
dominique rocher;174
doria achour sylvain cattenoy;175
douglas attal;176
e tolenado o nakache;177
edouard baer;178
edouard bergeon;179
edouard deluc;180
elena cosson;181
eleonore pourriat;182
eli ben david;183
elia souleiman;184
elia suleiman;185
elie wajeman;186
elise otzenberger;187
elodie faure boulue;188
eloise lang;189
elsa amiel;190
elsa bennet hyppolite dard simon astier;191
elsa bennett et hippolyte dard;192
elsa bennett hippolyte dard;193
elsa bennett hippolyte dard et slimane baptiste berhoun;194
elsa bennett hippolyte dard frederic berthe;195
emilie carpentier;196
emilien paron;197
emily mortimer;198
emma de caunes;199
emmanuel courcol;200
emmanuel finkiel;201
emmanuel gillibert;202
emmanuel hamon;203
emmanuel mouret;204
emmanuelle bercot;205
eric baudelaire;206
eric delavaine;207
eric gravel;208
eric guirado;209
eric judor;210
eric lavaine;211
eric le roux;212
eric meng;213
eric rochant;214
eric rochant jacques audiard anna novion samuel collardey;215
eric rochant pascale ferran anna novion leila marrakchi;216
eric toledano et olivier nakache;217
eric woreth;218
erick zonca;219
etgar keret et shira geffen;220
etienne chatiliez;221
etienne comar;222
eva husson;223
eva ionesco;224
eve deboise;225
fabien cavalerie;226
fabien dufils;227
fabien gorgeart;228
fabrice eboue;229
fabrice gobert;230
fabrice laffont;231
fanny sidney;232
felix guimard;233
felix moati;234
flavia castro;235
flora lau;236
florent bernard;237
florent sabatier;238
foazan rizal;239
francesco mandelli;240
franchin dom;241
francis duquet;242
francis magnin;243
franck dubosc;244
franck gastambide;245
franck gastambide david diane;246
franck gastambide et david diane;247
franck magnier;248
franck ribiere;249
francois de joussineau;250
francois ozon;251
francois uzan;252
francois valla;253
francois velle;254
frank bellocq;255
frankie wallach;256
fred cavaye;257
fred garson;258
fred scotlande;259
frederic auburtin thomas langmann;260
frederic balekdjian;261
frederic balekdjian fabien nury;262
frederic berthe;263
frederic berthe eric le roux;264
frederic farrucci;265
frederic forestier;266
frederic hazan;267
frederic jardin;268
frederic mermoud;269
frederic schoendoerffer;270
frederic tellier;271
gabor reisz;272
gabriel aghion;273
gabriel julien laferriere;274
gabriel julien lafferiere;275
gabriel laferriere;276
gabriel le bomin;277
gabriele muccino;278
gabrielle floquet;279
gary gray;280
geoff sax;281
geraldine de margerie;282
geraldine nakache;283
gilles bourdos;284
gilles legrand;285
gilles paquet brenner;286
giovanni aloi;287
goncalo waddington;288
gregory magne;289
guillaume brac;290
guillaume canet;291
guillaume cremonese;292
guillaume gallienne;293
guillaume lubrano et francois descraques;294
guillaume nicloux;295
guillaume vatan;296
gullaume gallienne;297
hafidi abdelouahed;298
hall hartley;299
hallali alysse martin thibaut;300
harry bradbeer;301
hector cabell reyes;302
hector cabello reyes;303
herve hadmar;304
herve mimran;305
hirokazu kore eda;306
hiroshi nishatani;307
hortense motrot pinchon;308
hugo blick;309
hugo gelin;310
huo jianqi;311
ignacio clemente mateos;312
igor gotesman;313
ines reg kevin debonne;314
isabelle doval;315
j christophe delpias;316
jacqueline lentzou;317
jacques audiard;318
jacques doillon;319
jalil lespert;320
jalil lesperti;321
james foley;322
james huth;323
jan hryniak;324
jan kounen;325
jean baptiste dusseaux;326
jean christophe delpias;327
jean christophe meurisse;328
jean claude brisseau;329
jean francois davy;330
jean francois richet;331
jean luc ayach;332
jean luc bertrand;333
jean marc brondolo;334
jean marc rudnicki;335
jean pascal zadi et john waxxx;336
jean paul civeyrac;337
jean paul rouve;338
jean paul salome;339
jean philippe amar;340
jean philippe gaud;341
jean pierre ameris;342
jean xavier de lestrade;343
jeanne balibar;344
jeanne herry;345
jeffrey chiang;346
jeffrey reiner;347
jeremie renier;348
jeremy minui;349
jerome bonnell;350
jerome commandeur;351
jerome cornuau;352
jerome salle;353
jezabel marques nakache;354
jim bagdonas;355
joachim delmotte et matthieu moerlen;356
john wax jean pascal zadi;357
jonathan;358
jonathan barre;359
jonathan cohen jeremie galan;360
jonathan desoindre;361
josee dayan;362
jouy samuel;363
juan pablo martinez;364
judith davis;365
julia rezende;366
julian schnabel;367
julie manoukian;368
julien abraham;369
julien carpentier;370
julien despaux;371
julien despaux et sebasien cirade;372
julien hallard;373
julien hosmalin lionel mougin;374
julien lacombe;375
julien rambaldi;376
julien rappeneau;377
julien weill;378
julien weille;379
julien zidi;380
julis berge philippe larue;381
julius berg;382
july hygreck;383
justine triet;384
katia lewkowicz;385
ken biller;386
ken scott;387
kheiron;388
kike maillo;389
kilian riedhof;390
kim nguyen;391
kyan khojandi et bruno muschio;392
l colbeau justin;393
ladislas chollat;394
laetitia masson;395
lana wachowski;396
laure debutler;397
laurent cantet;398
laurent lafitte;399
laurent perreau;400
laurent rochette;401
laurent tirard;402
laurent tuel;403
lauriane escaffre yvonnick muller;404
lea fazer;405
lea fredeval;406
lea mazer;407
lee sang yeop;408
leila bouzid;409
leila sy et kery james;410
leo karmann;411
leo zhang;412
leonor serraille;413
li lu;414
lidia terki;415
lisa azuelos;416
lise akoka et romane gueret;417
liu chun chien;418
lorraine levy;419
lou assous;420
lou jeunet;421
louis choquette;422
louis do lencquesaing;423
louis farge;424
louis garrel;425
louis leterrier;426
luc besson;427
lucas bernard;428
lucie borleteau;429
lucien jean baptiste;430
ludovic bergery;431
ludovic bernard;432
ludovic colbeau;433
ludovic colbeau justin;434
ludovic hudson;435
ludovik;436
m choy ching shing clement;437
mabrouk el mechri;438
madame kamir ainouz;439
magaly richard serrano;440
mahamat saleh haroun;441
maimouna doucoure;442
maiwenn;443
mamane;444
manousos manousakis;445
manuel boursinhac;446
manuel laigre;447
manuel laurent anouar el alami;448
marc andre brunet et manu joucla;449
marc aurele vecchione;450
marc fitoussi;451
marc recuenco;452
marcela said;453
marcella said;454
margaux lenfant;455
marie castille mention schaar;456
marie garel weiss;457
marie jardillier mathieu oullion;458
marie monge;459
marie noelle sehr;460
marilou berry;461
marine colomies;462
marion desseigne ravel;463
marion laine;464
marion vernoux;465
marjory dejardin;466
martial schmeltz;467
martin bourboulon;468
martin provost;469
martin rosete;470
martin wood;471
maryel devera;472
masaki nishiura;473
mateo guez;474
mathias malzieu;475
mathias pardo;476
mathieu amalric;477
mathieu sapin;478
matt bloom et randall thorn;479
matt bloom robert burke ronan burke;480
matt bloom ronan burke;481
matt bloom ronan burke robert burke;482
matt hastings;483
matthew weiner;484
matthias schweighoffer;485
matthieu delaporte et alexandre de la patelliere;486
matthieu longatte;487
matthieu mares savelli;488
maurice barthelemy;489
maxime charden laurene dervieux;490
maxime govare;491
maxime matray et alexia walther;492
maxime roy;493
maxime taris;494
melanie laurent;495
meliane marcaggi;496
melissa drigeard;497
mia engberg;498
mia hanse love;499
mia hansen love;500
michael schur;501
michael youn;502
michel blanc;503
michel denisot;504
michel hazanavicius;505
michel leclerc;506
michel munz et gerard bitton;507
michel reilhac;508
michele laroque;509
miguel courtois;510
mikael buch;511
mikhael hers;512
min ho woo;513
mohamed hamidi;514
monsieur chris briant;515
monsieur mohamed hamidi;516
mukesh chhabra;517
muriel robin;518
murielle magellan;519
myriam aziza;520
n a;521
nadav lapid;522
nadege loiseau;523
nadege loiseau et julien colonna;524
nadir mokneche;525
naidra ayadi;526
nath dumont;527
nathalie marchak;528
nathan belloulou et leonard marti;529
nathan silver;530
navie et flober;531
nessim chikhaoui;532
nicolas bary;533
nicolas bedos;534
nicolas capu et mona achache;535
nicolas cuche;536
nicolas guicheteau;537
nicolas herdt;538
nicolas maury;539
nicolas saada;540
nicolas silhol;541
nicolas vanier;542
nicole garcia;543
nicole palo;544
niels arden oplev;545
nikola lange;546
nine antico;547
noel herpe;548
noemie saglio;549
noemie saglio renaud bertrand;550
nolwenn lemesle;551
non communique;552
nonstop producoes;553
novemie lvovsky;554
octave raspail;555
octave raspail et nicolas herdt;556
oded ruskin;557
olivier assayas;558
olivier ayache vidal;559
olivier barma;560
olivier baroux;561
olivier dahan;562
olivier doran;563
olivier jahan;564
olivier marchal;565
olivier meys;566
olivier nakache eric toledano pierre salvadori mathieu vadepied nicolas parisier;567
olivier van hoofstadt;568
ozgur yildiz;569
p de chauveron;570
paolo barzman;571
pape amadou sy;572
pascal bonitzer;573
pascal bourdiaux;574
pascal elbe;575
pascal lahmani;576
pascal sid;577
pascal thomas;578
pascal verschooris;579
patricia riggen daniel sackheim;580
patrick cassir;581
paul anthony mille;582
paul lapierre;583
paul lapierre et juliette tresanini;584
paul walker;585
pawel pawlikowski;586
peter atencio;587
peter cattaneo;588
philippe de chauveron;589
philippe faucon;590
philippe garrel;591
philippe godeau;592
philippe harel;593
philippe lacheau;594
philippe larue;595
philippe le guay;596
philippe lefebvre;597
philippe lefebvre mathilde vallet;598
philippe lioret;599
philippe mechelen julien herve;600
philippe proteau;601
pierre aknin philippe larue;602
pierre aknine;603
pierre andre lhomme;604
pierre briois et theo galampoix;605
pierre dudan;606
pierre francois martin laval;607
pierre pinaud;608
pierre salvadori;609
pierre schoeller;610
pierre trividic et patrick mario bernard;611
pierre trividic patrick mario bernard;612
prentice penny;613
quentin dupieux;614
quentin reynaud;615
rachid bouchareb;616
rachid hami;617
ralph fiennes;618
raphael marriq;619
ratp we are social;620
rebecca zlotowski;621
reem kherici;622
regis roinsard;623
remi bezancon;624
remy four et julien war;625
renaud bertrand;626
renaud bertrand noemie saglio;627
renaud betrand;628
richard jobson;629
rizal mantovani;630
robert guediguian;631
robin campillo;632
robin sykes;633
romain gavras;634
romain levy;635
roman polanski;636
romane bohringer;637
romuald boulanger;638
roxane delomas;639
ruben alves;640
sadam siddig;641
safy nebbou;642
said khediri;643
samba mballo;644
samir guesmi;645
samuel bodin;646
samuel collardey antoine chevrollier mathieu demy helier cisterne;647
samy nebbou;648
sandrine dumas;649
sandrine kiberlain;650
santiago mitre;651
saphia azzeddine et francois regis jeanne;652
saphia azzedine et francois regis jeanne;653
sarah marx;654
sebastien cirade;655
sebastien laugier;656
sergi portabella;657
sergio castellitto;658
shaun severi;659
shirley monsarrat;660
shujaat saudagar;661
simon astier;662
simon bouisson;663
simon kinberg;664
sinan ozturk;665
slimane baptiste berhoun;666
sophie fillieres;667
sophie levy;668
sophie marceau;669
sou abadi;670
stanley woodward;671
stephan kopecky;672
stephane artus;673
stephane batut;674
stephane demoustier;675
stephane et david foenkinos;676
stephane kappes;677
stephane kazandjian;678
stephane malhuret;679
stephane marelli;680
stephane melnyk;681
stephane robelin;682
stephanie murat;683
stephanie pilonca;684
stephen cafiero;685
stephen woolfenden;686
stevan lee mraovitch;687
steven conrad;688
steven lilien et bryan wynbrandt;689
suzanne lindon;690
sylvie ohayon;691
sylvie verheyde;692
tarek boudali;693
teddy lussi modeste;694
tessa schram;695
theodore bonnet;696
thibaud martin;697
thierry binisti;698
thierry de peretti;699
thierry de perreti;700
thierry petit;701
thomas bourguignon;702
thomas cailley;703
thomas gilou;704
thomas kruithof;705
thomas langmann;706
thomas lilti;707
tien jen huang;708
titus selge;709
tomer sisley;710
tonie marshall;711
tristan aurouet thomas bidegain marc fitoussi cyril gelblat vianney lebasque;712
tristan seguela;713
trivikram srinivas;714
tuva novotny;715
valeria bruni tedeschi;716
valerie donzelli;717
valerie lemercier;718
valerie urrea et nathalie masduraud;719
varante soudjian;720
vianney lebasque;721
victor saint macary;722
vincent garenq;723
vincent giovanni;724
vincent jamain;725
vincent primault;726
vipul shah;727
virgine scswartz;728
virginie hervieu;729
virginie sauveur;730
virginie saveur;731
virginie verrier;732
vladimir de fontenay marie monge;733
vladimir rodionoff;734
wagner de assis;735
walter veltroni;736
wash westmoreland;737
will koopman;738
willy biondani;739
xabi molia;740
xavier de choudens;741
xavier durringer;742
xavier gens;743
xavier giannoli;744
xavier legrand;745
xiancheng deng;746
yann gonzalez;747
yann gozlan;748
yishu yang;749
yoann guillouzouic;750
yuki saito;751
yuri rossi;752
yvan attal;753
yves renier;754
zabou breitman;755
zhang bo li;756
zhang bo li et wang chen xi;757
zhou nan;758
zhou yao wu;759
ziad doueiri;760
